country,year,percapita
ABW,2010,19741.1498
AFG,2010,477.3070093
AGO,2010,1108.338717
ALB,2010,3530.690656
ARB,2010,4792.279065
ARE,2010,30537.81694
ARG,2010,8810.359213
ARM,2010,2918.101653
AUS,2010,39980.77299
AUT,2010,38977.20713
AZE,2010,3868.82852
BDI,2010,149.0493988
BEL,2010,37246.55427
BEN,2010,637.332426
BFA,2010,454.6328971
BGD,2010,771.8537819
BGR,2010,5580.342227
BHR,2010,16640.90299
BHS,2010,25824.37798
BIH,2010,4124.585692
BLR,2010,5505.328487
BLZ,2010,3022.698452
BOL,2010,1545.671016
BRA,2010,9337.194188
BRB,2010,13912.73657
BRN,2010,25507.665
BTN,2010,1930.880875
BWA,2010,4648.767598
CAF,2010,411.6333611
CAN,2010,38427.36803
CEB,2010,10044.94749
CHE,2010,63531.5183
CHL,2010,9146.420113
CHN,2010,3459.181815
CMR,2010,1059.839636
COD,2010,242.2046831
COG,2010,492.1510107
COL,2010,5024.446509
COM,2010,1172.448109
CPV,2010,2554.300743
CRI,2010,7299.732559
CSS,2010,7339.923081
CYP,2010,26205.3584
CZE,2010,14047.23332
DEU,2010,35069.50969
DMA,2010,6024.604417
DNK,2010,47972.22347
DOM,2010,5124.048861
DZA,2010,3407.251171
EAP,2010,3079.502961
EAR,2010,2456.324855
EAS,2010,6016.71024
ECA,2010,6202.59984
ECS,2010,19487.70232
ECU,2010,3667.011472
EGY,2010,2258.173653
EMU,2010,31127.80063
ESP,2010,25097.78781
EST,2010,11363.22057
ETH,2010,259.0775625
EUU,2010,28068.76933
FCS,2010,1164.22958
FIN,2010,37972.25819
FJI,2010,3221.781437
FRA,2010,34311.51773
GAB,2010,4586.303198
GBR,2010,33896.39243
GEO,2010,2629.749165
GHA,2010,979.1573751
GIN,2010,482.9331043
GMB,2010,382.6464494
GNB,2010,468.5635658
GNQ,2010,2673.790315
GRC,2010,21801.27771
GTM,2010,2371.279229
GUY,2010,2660.477005
HIC,2010,32362.93786
HND,2010,1670.712868
HPC,2010,590.9870782
HRV,2010,11183.87985
HTI,2010,628.6312063
HUN,2010,10096.54244
IBD,2010,3607.727172
IBT,2010,2963.439345
IDA,2010,895.5461865
IDB,2010,1272.141324
IDN,2010,2325.629811
IDX,2010,693.0277953
IND,2010,1172.804567
IRL,2010,33811.35879
IRN,2010,5355.085433
IRQ,2010,3721.645311
ISR,2010,25867.4727
ITA,2010,29459.5333
JAM,2010,4134.572385
JOR,2010,3288.661378
JPN,2010,35086.7823
KAZ,2010,5717.931578
KEN,2010,798.0552513
KGZ,2010,664.6806693
KHM,2010,660.4069922
KIR,2010,2077.419114
KOR,2010,18160.96605
KWT,2010,34443.6355
LAC,2010,7255.187337
LAO,2010,780.0778387
LBN,2010,6439.665358
LBR,2010,325.9455466
LBY,2010,8716.151932
LCA,2010,6631.366645
LCN,2010,7419.152732
LDC,2010,613.5846366
LIC,2010,510.5359367
LKA,2010,2597.124533
LMC,2010,1383.736955
LMY,2010,2871.130421
LSO,2010,1313.282046
LTE,2010,4827.073258
LUX,2010,63004.25537
LVA,2010,8601.764483
MAR,2010,2472.545213
MDA,2010,1636.32958
MDG,2010,381.7990089
MDV,2010,5396.348598
MEA,2010,5831.179272
MEX,2010,7362.916552
MIC,2010,3133.546649
MKD,2010,3458.033256
MLI,2010,557.1644161
MMR,2010,942.797632
MNA,2010,3365.312581
MNE,2010,5867.368608
MNG,2010,1822.244692
MOZ,2010,356.2009993
MRT,2010,836.6354493
MUS,2010,7072.219454
MWI,2010,357.9759066
MYS,2010,6804.800261
NAC,2010,40675.72003
NAM,2010,4509.129492
NER,2010,303.7272482
NGA,2010,1823.661325
NIC,2010,1274.915039
NLD,2010,41980.65207
NOR,2010,68568.62814
NPL,2010,550.7369591
NZL,2010,26603.7569
OED,2010,29735.50175
OMN,2010,10546.36654
OSS,2010,8392.305838
PAK,2010,946.3384485
PAN,2010,6920.055448
PER,2010,4076.029394
PHL,2010,2279.916843
PNG,2010,1301.794307
POL,2010,10719.98116
PRE,2010,1022.172989
PRT,2010,17861.8235
PRY,2010,3596.179996
PSS,2010,2497.840374
PST,2010,32726.33091
QAT,2010,41865.06279
ROU,2010,6554.84463
RUS,2010,8426.137374
RWA,2010,467.43743
SAS,2010,1108.133171
SAU,2010,15762.79865
SEN,2010,1134.644425
SGP,2010,40099.66612
SLB,2010,612.9461212
SLE,2010,346.3542118
SLV,2010,2684.767313
SRB,2010,4408.770166
SSA,2010,1183.920424
SSF,2010,1184.741867
SST,2010,7819.212359
STP,2010,855.8350757
SUR,2010,5592.949123
SVK,2010,12941.0027
SVN,2010,18452.07314
SWE,2010,44707.62471
SWZ,2010,3399.712515
SYC,2010,9148.702691
TCD,2010,670.4529455
TEA,2010,3112.598795
TEC,2010,6640.670546
TGO,2010,433.6858413
THA,2010,4000.155715
TJK,2010,780.0753381
TLA,2010,7386.954761
TLS,2010,1253.884503
TMN,2010,3381.209221
TON,2010,3346.562594
TSA,2010,1108.133171
TSS,2010,1184.741867
TTO,2010,12174.53984
TUN,2010,3150.684161
TUR,2010,8954.726933
TZA,2010,646.9994131
UGA,2010,487.9429161
UKR,2010,2423.991732
UMC,2010,5016.934904
URY,2010,10256.27741
USA,2010,40911.95717
UZB,2010,1177.694674
VCT,2010,5355.418168
VNM,2010,1075.566059
VUT,2010,2547.979663
WLD,2010,7804.550419
WSM,2010,2931.103713
YEM,2010,1005.931369
ZAF,2010,5883.215157
ZMB,2010,999.1322325
ZWE,2010,773.9580053
ABW,2011,19960.52121
AFG,2011,517.448448
AGO,2011,1494.240377
ALB,2011,3853.165353
ARB,2011,5416.623552
ARE,2011,34564.77824
ARG,2011,11008.52459
ARM,2011,3138.262966
AUS,2011,47843.28688
AUT,2011,42632.92867
AZE,2011,4679.517951
BDI,2011,155.8471084
BEL,2011,38918.80983
BEN,2011,697.1889863
BFA,2011,500.9574975
BGD,2011,845.0189375
BGR,2011,6347.049895
BHR,2011,17097.5868
BHS,2011,25501.23098
BIH,2011,4435.963518
BLR,2011,5804.492263
BLZ,2011,3209.11089
BOL,2011,1794.730598
BRA,2011,10986.60762
BRB,2011,13559.81616
BRN,2011,31907.09945
BTN,2011,2184.449891
BWA,2011,6135.567903
CAF,2011,447.1520569
CAN,2011,42189.913
CEB,2011,11030.09555
CHE,2011,71212.45819
CHL,2011,10600.76343
CHN,2011,4124.14412
CMR,2011,1143.262807
COD,2011,266.3433483
COG,2011,349.5246288
COL,2011,5622.306479
COM,2011,1304.130057
CPV,2011,2842.572186
CRI,2011,8186.236725
CSS,2011,7377.556845
CYP,2011,28305.13341
CZE,2011,15388.47238
DEU,2011,39671.91268
DMA,2011,5881.839029
DNK,2011,51243.68428
DOM,2011,5391.451828
DZA,2011,3963.324724
EAP,2011,3628.05103
EAR,2011,2679.274695
EAS,2011,6838.801654
ECA,2011,7556.234032
ECS,2011,21474.8635
ECU,2011,4077.554469
EGY,2011,2310.599898
EMU,2011,33635.95396
ESP,2011,25696.5583
EST,2011,13769.5831
ETH,2011,263.2960687
EUU,2011,30377.77036
FCS,2011,1255.942965
FIN,2011,41496.64912
FJI,2011,3701.906458
FRA,2011,37180.50512
GAB,2011,5198.685467
GBR,2011,36364.55421
GEO,2011,3248.167037
GHA,2011,1097.912407
GIN,2011,453.9358318
GMB,2011,329.4699223
GNB,2011,608.6364616
GNQ,2011,4332.751404
GRC,2011,20538.34572
GTM,2011,2663.58655
GUY,2011,2892.190453
HIC,2011,34800.11926
HND,2011,1824.719078
HPC,2011,638.2068414
HRV,2011,11753.02288
HTI,2011,707.024054
HUN,2011,10845.92469
IBD,2011,4144.951132
IBT,2011,3387.131898
IDA,2011,979.2571723
IDB,2011,1402.654495
IDN,2011,2680.861714
IDX,2011,756.3813607
IND,2011,1258.540207
IRL,2011,34894.67632
IRN,2011,6281.140202
IRQ,2011,4693.543039
ISR,2011,28698.98273
ITA,2011,31385.78409
JAM,2011,4505.271714
JOR,2011,3394.042798
JPN,2011,38081.33916
KAZ,2011,7113.561886
KEN,2011,821.2286873
KGZ,2011,805.1514285
KHM,2011,742.6516454
KIR,2011,2253.920671
KOR,2011,19677.69496
KWT,2011,41012.07519
LAC,2011,8079.595441
LAO,2011,943.8080286
LBN,2011,6347.234371
LBR,2011,381.1862626
LBY,2011,4828.790247
LCA,2011,6945.484088
LCN,2011,8277.266977
LDC,2011,685.35496
LIC,2011,549.8043859
LKA,2011,2960.500031
LMC,2011,1518.743949
LMY,2011,3284.670935
LSO,2011,1411.773396
LTE,2011,5741.470252
LUX,2011,66255.24597
LVA,2011,10349.66472
MAR,2011,2647.329811
MDA,2011,1999.478252
MDG,2011,419.6846231
MDV,2011,5818.460657
MEA,2011,6621.919281
MEX,2011,7857.338853
MIC,2011,3592.167165
MKD,2011,3934.972645
MLI,2011,637.7802462
MMR,2011,1121.306389
MNA,2011,3701.182183
MNE,2011,6607.340241
MNG,2011,2528.618435
MOZ,2011,446.863696
MRT,2011,941.2993566
MUS,2011,7964.253411
MWI,2011,406.5284787
MYS,2011,7939.958454
NAC,2011,42525.70481
NAM,2011,4907.791404
NER,2011,322.7372857
NGA,2011,1918.604554
NIC,2011,1400.953949
NLD,2011,45274.35638
NOR,2011,77242.73864
NPL,2011,649.6010923
NZL,2011,30841.86092
OED,2011,31861.23075
OMN,2011,9808.190527
OSS,2011,10084.67747
PAK,2011,1124.163799
PAN,2011,8329.346189
PER,2011,4634.680804
PHL,2011,2474.506911
PNG,2011,1662.323258
POL,2011,11868.28496
PRE,2011,1123.703609
PRT,2011,18568.61962
PRY,2011,4479.58498
PSS,2011,2854.082986
PST,2011,35123.00481
QAT,2011,51131.58177
ROU,2011,7082.932263
RUS,2011,11257.9772
RWA,2011,516.9112324
SAS,2011,1205.543283
SAU,2011,18575.20644
SEN,2011,1196.414538
SGP,2011,44990.33074
SLB,2011,759.4089131
SLE,2011,374.7678116
SLV,2011,2950.62509
SRB,2011,5235.83329
SSA,2011,1270.914219
SSF,2011,1271.797703
SST,2011,9102.323036
STP,2011,909.1887567
SUR,2011,4548.192775
SVK,2011,13890.81192
SVN,2011,19626.6507
SWE,2011,50888.76539
SWZ,2011,3871.08241
SYC,2011,10297.11385
TCD,2011,708.383556
TEA,2011,3666.945287
TEC,2011,7966.708528
TGO,2011,473.3914605
THA,2011,4364.812004
TJK,2011,896.1628069
TLA,2011,8246.827807
TLS,2011,1650.649736
TMN,2011,3718.977788
TON,2011,3833.294349
TSA,2011,1205.543283
TSS,2011,1271.797703
TTO,2011,11936.52568
TUN,2011,3192.545604
TUR,2011,9573.265339
TZA,2011,677.5530728
UGA,2011,458.0317702
UKR,2011,2903.806014
UMC,2011,5840.351106
URY,2011,12309.12309
USA,2011,42551.14014
UZB,2011,1300.411569
VCT,2011,5311.795983
VNM,2011,1230.177868
VUT,2011,2831.191397
WLD,2011,8522.597431
WSM,2011,3345.90547
YEM,2011,1051.287036
ZAF,2011,6387.854128
ZMB,2011,1151.028184
ZWE,2011,830.4665421
ABW,2012,21038.15112
AFG,2012,554.7792155
AGO,2012,1789.733615
ALB,2012,3644.843103
ARB,2012,5905.729634
ARE,2012,36057.06658
ARG,2012,11250.02138
ARM,2012,3274.122578
AUS,2012,52881.8056
AUT,2012,40022.51845
AZE,2012,5181.216604
BDI,2012,178.5315324
BEL,2012,37079.60198
BEN,2012,702.1997766
BFA,2012,517.2918109
BGD,2012,872.4031499
BGR,2012,6166.781592
BHR,2012,17755.55858
BHS,2012,27292.03471
BIH,2012,4117.081081
BLR,2012,6159.759883
BLZ,2012,3360.686899
BOL,2012,1919.282805
BRA,2012,10327.38604
BRB,2012,13915.28279
BRN,2012,33687.53462
BTN,2012,2137.433675
BWA,2012,5632.09664
CAF,2012,430.288876
CAN,2012,42696.49321
CEB,2012,10386.23921
CHE,2012,68125.90071
CHL,2012,11471.48641
CHN,2012,4770.882242
CMR,2012,1090.873151
COD,2012,290.0086903
COG,2012,514.5000084
COL,2012,6268.804132
COM,2012,1275.855694
CPV,2012,2584.111428
CRI,2012,8946.415327
CSS,2012,7805.637373
CYP,2012,24474.9993
CZE,2012,14256.00686
DEU,2012,37241.18439
DMA,2012,5495.586887
DNK,2012,48824.98488
DOM,2012,5578.791898
DZA,2012,4050.21111
EAP,2012,4104.644954
EAR,2012,2769.036589
EAS,2012,7369.776352
ECA,2012,7983.424416
ECS,2012,20564.45316
ECU,2012,4496.325158
EGY,2012,2746.79929
EMU,2012,31074.63034
ESP,2012,23291.93435
EST,2012,13933.11167
ETH,2012,350.8441096
EUU,2012,28477.94668
FCS,2012,1407.756626
FIN,2012,38463.64398
FJI,2012,3856.430733
FRA,2012,34367.52343
GAB,2012,5137.811569
GBR,2012,36083.52447
GEO,2012,3715.324807
GHA,2012,1074.372276
GIN,2012,509.1836497
GMB,2012,315.3486269
GNB,2012,513.9147352
GNQ,2012,4414.894443
GRC,2012,18023.4111
GTM,2012,2783.444775
GUY,2012,3129.89846
HIC,2012,34842.72701
HND,2012,1851.56913
HPC,2012,662.8536992
HRV,2012,10709.75988
HTI,2012,731.853456
HUN,2012,9978.243936
IBD,2012,4398.727146
IBT,2012,3587.869125
IDA,2012,1044.196673
IDB,2012,1533.193142
IDN,2012,2746.810324
IDX,2012,784.6617719
IND,2012,1248.822896
IRL,2012,32476.6804
IRN,2012,6168.139627
IRQ,2012,5317.2171
ISR,2012,27322.64199
ITA,2012,28361.44912
JAM,2012,4710.463786
JOR,2012,3436.534526
JPN,2012,38612.86269
KAZ,2012,7834.290256
KEN,2012,957.5812582
KGZ,2012,958.0330791
KHM,2012,800.9583211
KIR,2012,2539.370716
KOR,2012,19980.90589
KWT,2012,43965.71007
LAC,2012,8086.926153
LAO,2012,1122.67949
LBN,2012,6528.790625
LBR,2012,358.7051443
LBY,2012,9361.972259
LCA,2012,6817.66626
LCN,2012,8326.144814
LDC,2012,717.0615913
LIC,2012,593.7266372
LKA,2012,3071.002141
LMC,2012,1581.266317
LMY,2012,3489.143531
LSO,2012,1294.141351
LTE,2012,6183.120122
LUX,2012,61116.20869
LVA,2012,10290.37398
MAR,2012,2522.651988
MDA,2012,2139.060122
MDG,2012,402.0950526
MDV,2012,5821.006629
MEA,2012,7026.828997
MEX,2012,7887.444894
MIC,2012,3819.457639
MKD,2012,3633.113464
MLI,2012,547.7241375
MMR,2012,1058.643804
MNA,2012,3955.919159
MNE,2012,5952.563453
MNG,2012,3251.134578
MOZ,2012,476.3812686
MRT,2012,872.6993389
MUS,2012,7889.099532
MWI,2012,280.6275882
MYS,2012,8139.997209
NAC,2012,44621.44685
NAM,2012,5041.945057
NER,2012,326.2285235
NGA,2012,2144.181794
NIC,2012,1482.426188
NLD,2012,41839.51855
NOR,2012,78447.11124
NPL,2012,651.2629646
NZL,2012,32238.25036
OED,2012,31836.94454
OMN,2012,10874.49016
OSS,2012,10480.15075
PAK,2012,1167.396139
PAN,2012,9492.937538
PER,2012,5275.64079
PHL,2012,2770.858361
PNG,2012,2038.550757
POL,2012,11228.17544
PRE,2012,1225.83031
PRT,2012,16321.58031
PRY,2012,4293.126207
PSS,2012,3050.832327
PST,2012,35171.51895
QAT,2012,55369.38783
ROU,2012,6665.513605
RUS,2012,12109.25721
RWA,2012,559.2688491
SAS,2012,1207.136248
SAU,2012,19686.00677
SEN,2012,1151.222956
SGP,2012,45322.02004
SLB,2012,1103.993435
SLE,2012,488.616517
SLV,2012,3002.292644
SRB,2012,4549.403839
SSA,2012,1315.809959
SSF,2012,1316.664853
SST,2012,9499.917126
STP,2012,763.4958107
SUR,2012,5252.903793
SVK,2012,13424.10919
SVN,2012,17391.05935
SWE,2012,48819.84993
SWZ,2012,3829.291377
SYC,2012,10211.74128
TCD,2012,715.9332114
TEA,2012,4148.539133
TEC,2012,8285.504915
TGO,2012,391.46981
THA,2012,4494.163775
TJK,2012,1048.719248
TLA,2012,8286.866828
TLS,2012,1481.081516
TMN,2012,3975.243554
TON,2012,4320.979425
TSA,2012,1207.136248
TSS,2012,1316.664853
TTO,2012,12659.33736
TUN,2012,3117.784323
TUR,2012,9883.280155
TZA,2012,763.1900161
UGA,2012,492.0716952
UKR,2012,3229.209128
UMC,2012,6264.6017
URY,2012,13188.75469
USA,2012,44822.1606
UZB,2012,1466.402545
VCT,2012,5528.202175
VNM,2012,1410.474089
VUT,2012,2645.696101
WLD,2012,8671.495261
WSM,2012,3622.822222
YEM,2012,1198.264264
ZAF,2012,6017.126222
ZMB,2012,1305.565777
ZWE,2012,934.2659655
ABW,2013,20841.48947
AFG,2013,550.9567007
AGO,2013,2113.866121
ALB,2013,3937.277061
ARB,2013,5951.00243
ARE,2013,38070.0702
ARG,2013,11255.02138
ARM,2013,3509.206422
AUS,2013,52930.05827
AUT,2013,41671.43331
AZE,2013,5743.263637
BDI,2013,182.7131939
BEL,2013,38281.73306
BEN,2013,765.858651
BFA,2013,544.0494449
BGD,2013,964.9418135
BGR,2013,6365.92673
BHR,2013,18546.64422
BHS,2013,26706.32662
BIH,2013,4494.397476
BLR,2013,6989.665648
BLZ,2013,3446.979784
BOL,2013,2125.486682
BRA,2013,10414.89321
BRB,2013,13823.75094
BRN,2013,33729.41314
BTN,2013,2114.268085
BWA,2013,5429.364124
CAF,2013,278.9990012
CAN,2013,42650.04721
CEB,2013,10972.98413
CHE,2013,69068.37246
CHL,2013,11982.73436
CHN,2013,5262.94989
CMR,2013,1183.829422
COD,2013,292.3527532
COG,2013,831.4371519
COL,2013,6466.229975
COM,2013,1380.14183
CPV,2013,2626.864389
CRI,2013,9412.029394
CSS,2013,7968.349766
CYP,2013,23132.88284
CZE,2013,14326.04027
DEU,2013,39257.73989
DMA,2013,5521.798649
DNK,2013,51808.66797
DOM,2013,5591.836333
DZA,2013,4036.033684
EAP,2013,4456.283306
EAR,2013,2788.64021
EAS,2013,7354.806193
ECA,2013,8476.041364
ECS,2013,21382.99572
ECU,2013,4845.742869
EGY,2013,2776.147739
EMU,2013,32293.39686
ESP,2013,23746.4106
EST,2013,15517.39835
ETH,2013,373.9222547
EUU,2013,29551.59084
FCS,2013,1399.321566
FIN,2013,40209.10777
FJI,2013,4203.783721
FRA,2013,35808.93088
GAB,2013,5457.049791
GBR,2013,36538.23564
GEO,2013,3770.62996
GHA,2013,1720.078371
GIN,2013,564.5613293
GMB,2013,490.7854651
GNB,2013,514.2014289
GNQ,2013,5661.202535
GRC,2013,17633.10925
GTM,2013,2919.333964
GUY,2013,3294.858972
HIC,2013,34996.37068
HND,2013,1800.404869
HPC,2013,694.0714793
HRV,2013,11228.08565
HTI,2013,768.3036387
HUN,2013,10877.88343
IBD,2013,4591.321025
IBT,2013,3741.487275
IDA,2013,1110.097737
IDB,2013,1641.755121
IDN,2013,2703.68793
IDX,2013,826.946998
IND,2013,1249.209021
IRL,2013,35990.78919
IRN,2013,4691.415485
IRQ,2013,5476.731905
ISR,2013,30818.04975
ITA,2013,28810.48189
JAM,2013,4435.645304
JOR,2013,3550.908019
JPN,2013,32488.22596
KAZ,2013,9380.125613
KEN,2013,1018.389558
KGZ,2013,945.6230309
KHM,2013,868.2249746
KIR,2013,2695.298357
KOR,2013,20901.65801
KWT,2013,42359.99253
LAC,2013,8225.481807
LAO,2013,1324.382694
LBN,2013,6442.87683
LBR,2013,396.596356
LBY,2013,8316.837353
LCA,2013,7073.569498
LCN,2013,8492.782507
LDC,2013,743.4283488
LIC,2013,630.8899185
LKA,2013,3273.704381
LMC,2013,1625.58032
LMY,2013,3638.300613
LSO,2013,1191.467259
LTE,2013,6612.230535
LUX,2013,62617.19921
LVA,2013,11348.43025
MAR,2013,2719.600336
MDA,2013,2339.805454
MDG,2013,414.8653258
MDV,2013,6230.768202
MEA,2013,6904.294106
MEX,2013,8242.838989
MIC,2013,3986.348292
MKD,2013,4051.67592
MLI,2013,599.41677
MMR,2013,1060.114754
MNA,2013,3663.454595
MNE,2013,6515.388888
MNG,2013,3377.604207
MOZ,2013,509.6509842
MRT,2013,890.1994819
MUS,2013,8124.283585
MWI,2013,245.2665231
MYS,2013,8370.978434
NAC,2013,45437.8744
NAM,2013,5005.24959
NER,2013,337.501985
NGA,2013,2344.155085
NIC,2013,1521.634213
NLD,2013,43399.31555
NOR,2013,80857.49657
NPL,2013,666.9218486
NZL,2013,34930.83289
OED,2013,32005.20646
OMN,2013,10784.79474
OSS,2013,11017.29341
PAK,2013,1182.608436
PAN,2013,10513.267
PER,2013,5572.321031
PHL,2013,3007.479157
PNG,2013,2099.82119
POL,2013,11731.31618
PRE,2013,1293.318321
PRT,2013,17514.63993
PRY,2013,4928.565507
PSS,2013,3264.134932
PST,2013,35282.38086
QAT,2013,57055.34915
ROU,2013,7465.383108
RUS,2013,12577.15289
RWA,2013,561.7504725
SAS,2013,1219.890015
SAU,2013,19404.08233
SEN,2013,1190.596826
SGP,2013,46752.70187
SLB,2013,1304.025889
SLE,2013,569.0393867
SLV,2013,3047.933141
SRB,2013,5062.456633
SSA,2013,1352.180301
SSF,2013,1353.222558
SST,2013,9953.20212
STP,2013,891.1082279
SUR,2013,6007.105954
SVK,2013,14230.30025
SVN,2013,18064.11477
SWE,2013,51587.76632
SWZ,2013,3648.452529
SYC,2013,12270.14458
TCD,2013,741.2047746
TEA,2013,4503.819674
TEC,2013,8777.093373
TGO,2013,460.579968
THA,2013,4622.312996
TJK,2013,1151.546838
TLA,2013,8448.207439
TLS,2013,1541.733859
TMN,2013,3681.605711
TON,2013,4156.936454
TSA,2013,1219.890015
TSS,2013,1353.222558
TTO,2013,13779.40126
TUN,2013,3155.600333
TUR,2013,10611.0018
TZA,2013,865.589136
UGA,2013,504.5488844
UKR,2013,3348.884253
UMC,2013,6583.95302
URY,2013,14726.24838
USA,2013,45734.87711
UZB,2013,1653.301665
VCT,2013,5610.5898
VNM,2013,1539.514821
VUT,2013,2808.018163
WLD,2013,8792.452672
WSM,2013,3610.39445
YEM,2013,1319.120252
ZAF,2013,5443.181596
ZMB,2013,1364.893867
ZWE,2013,1105.223859
ABW,2014,21891.5039
AFG,2014,529.8764023
AGO,2014,2498.701951
ALB,2014,4038.014865
ARB,2014,6035.7295
ARE,2014,39332.03139
ARG,2014,10607.40646
ARM,2014,3587.530469
AUS,2014,48159.36038
AUT,2014,42479.1665
AZE,2014,6031.879971
BDI,2014,196.1259185
BEL,2014,38400.62075
BEN,2014,789.1613218
BFA,2014,540.4536346
BGD,2014,1081.974743
BGR,2014,6573.656989
BHR,2014,17601.82797
BHS,2014,26758.35548
BIH,2014,4629.438266
BLR,2014,7316.531177
BLZ,2014,3564.237918
BOL,2014,2295.61637
BRA,2014,10186.72129
BRB,2014,13785.53118
BRN,2014,32512.12045
BTN,2014,2273.79794
BWA,2014,5919.087506
CAF,2014,317.1247323
CAN,2014,41307.976
CEB,2014,11321.66064
CHE,2014,68789.55197
CHL,2014,11267.7888
CHN,2014,5754.297064
CMR,2014,1275.111889
COD,2014,314.8646474
COG,2014,1049.770926
COL,2014,6456.022833
COM,2014,1392.355411
CPV,2014,2645.523382
CRI,2014,9403.131008
CSS,2014,8134.2378
CYP,2014,22779.95454
CZE,2014,14117.66463
DEU,2014,40589.06727
DMA,2014,5739.851099
DNK,2014,53772.46741
DOM,2014,5820.547262
DZA,2014,4104.741582
EAP,2014,4784.11529
EAR,2014,2872.394236
EAS,2014,7536.651294
ECA,2014,7883.191452
ECS,2014,21587.28744
ECU,2014,5063.53433
EGY,2014,2906.62907
EMU,2014,32881.05409
ESP,2014,24176.80532
EST,2014,16405.54702
ETH,2014,426.3832777
EUU,2014,30464.92383
FCS,2014,1446.662064
FIN,2014,40680.14281
FJI,2014,4309.357587
FRA,2014,36130.04873
GAB,2014,6221.228016
GBR,2014,39971.56127
GEO,2014,3918.530407
GHA,2014,1343.345689
GIN,2014,598.9142287
GMB,2014,440.2281366
GNB,2014,534.2212595
GNQ,2014,5695.645901
GRC,2014,18024.08806
GTM,2014,3088.048684
GUY,2014,3526.566854
HIC,2014,35696.59849
HND,2014,1864.73682
HPC,2014,753.409826
HRV,2014,11224.24342
HTI,2014,784.2359786
HUN,2014,11135.19449
IBD,2014,4720.8735
IBT,2014,3853.985883
IDA,2014,1207.618531
IDB,2014,1786.819566
IDN,2014,2625.293844
IDX,2014,898.6247957
IND,2014,1368.284906
IRL,2014,38773.82086
IRN,2014,4313.717253
IRQ,2014,5211.015227
ISR,2014,32497.68938
ITA,2014,28875.13354
JAM,2014,4301.493236
JOR,2014,3608.824949
JPN,2014,30650.29064
KAZ,2014,8848.268727
KEN,2014,1083.581869
KGZ,2014,948.0408688
KHM,2014,914.7458518
KIR,2014,2969.356043
KOR,2014,22533.15082
KWT,2014,39127.01611
LAC,2014,8364.533564
LAO,2014,1475.370783
LBN,2014,6271.739577
LBR,2014,382.9194383
LBY,2014,5695.220469
LCA,2014,6770.371322
LCN,2014,8609.361018
LDC,2014,828.9481714
LIC,2014,668.2046157
LKA,2014,3450.308438
LMC,2014,1716.706177
LMY,2014,3752.029071
LSO,2014,1182.036018
LTE,2014,6831.772252
LUX,2014,65253.56929
LVA,2014,11902.1528
MAR,2014,2748.884993
MDA,2014,2326.826594
MDG,2014,404.3204669
MDV,2014,6720.951751
MEA,2014,6880.359417
MEX,2014,8516.122634
MIC,2014,4114.313574
MKD,2014,4273.108856
MLI,2014,653.8557553
MMR,2014,1121.019744
MNA,2014,3570.149134
MNE,2014,6635.89572
MNG,2014,2924.251819
MOZ,2014,524.3670129
MRT,2014,841.1265069
MUS,2014,8276.068166
MWI,2014,259.1035862
MYS,2014,8612.200537
NAC,2014,47195.28108
NAM,2014,4952.829615
NER,2014,350.5512323
NGA,2014,2637.652708
NIC,2014,1631.127675
NLD,2014,43366.92098
NOR,2014,78060.26541
NPL,2014,698.8807705
NZL,2014,36296.47422
OED,2014,32615.46676
OMN,2014,10710.15405
OSS,2014,11333.52665
PAK,2014,1234.066479
PAN,2014,10737.49872
PER,2014,5565.051882
PHL,2014,3073.905928
PNG,2014,2249.778298
POL,2014,12172.41081
PRE,2014,1416.75491
PRT,2014,17837.50019
PRY,2014,5101.321598
PSS,2014,3287.541089
PST,2014,35994.55128
QAT,2014,58415.59004
ROU,2014,7968.998502
RUS,2014,11114.20578
RWA,2014,571.4455763
SAS,2014,1327.648833
SAU,2014,19359.99345
SEN,2014,1208.07893
SGP,2014,47764.62917
SLB,2014,1268.1739
SLE,2014,574.2100044
SLV,2014,3106.686975
SRB,2014,4956.827562
SSA,2014,1443.854316
SSF,2014,1444.835262
SST,2014,10231.91156
STP,2014,1009.668503
SUR,2014,6435.296773
SVK,2014,14531.5143
SVN,2014,18954.98823
SWE,2014,50568.00608
SWZ,2014,3449.906715
SYC,2014,11855.06036
TCD,2014,779.0003247
TEA,2014,4835.017948
TEC,2014,8275.899545
TGO,2014,495.6241691
THA,2014,4492.908849
TJK,2014,1207.663039
TLA,2014,8559.115594
TLS,2014,1037.63323
TMN,2014,3588.072816
TON,2014,4046.758213
TSA,2014,1327.648833
TSS,2014,1444.835262
TTO,2014,14565.06504
TUN,2014,3283.740678
TUR,2014,10206.04028
TZA,2014,925.672236
UGA,2014,541.5140969
UKR,2014,2631.926834
UMC,2014,6770.774718
URY,2014,14531.61952
USA,2014,47837.56796
UZB,2014,1840.415776
VCT,2014,5940.98801
VNM,2014,1648.417028
VUT,2014,2795.34574
WLD,2014,8973.356432
WSM,2014,3572.683663
YEM,2014,1402.535072
ZAF,2014,5157.95958
ZMB,2014,1339.604761
ZWE,2014,1113.578145
ABW,2015,21961.09881
AFG,2015,502.2764104
AGO,2015,2341.460543
ALB,2015,3560.787907
ARB,2015,5445.677217
ARE,2015,35654.47478
ARG,2015,12003.35116
ARM,2015,3181.176422
AUS,2015,43915.72181
AUT,2015,35800.09525
AZE,2015,4423.449965
BDI,2015,222.667017
BEL,2015,32405.96174
BEN,2015,652.0651054
BFA,2015,421.0275804
BGD,2015,1212.708886
BGR,2015,5797.311435
BHR,2015,19056.40876
BHS,2015,28079.64201
BIH,2015,4091.940136
BLR,2015,5161.507439
BLZ,2015,3888.804144
BOL,2015,2427.272681
BRA,2015,7447.224088
BRB,2015,13650.39984
BRN,2015,26426.20048
BTN,2015,2340.897715
BWA,2015,5263.258569
CAF,2015,285.0839058
CAN,2015,35162.08491
CEB,2015,9977.313262
CHE,2015,67087.47041
CHL,2015,10641.27447
CHN,2015,6091.615435
CMR,2015,1115.191446
COD,2015,346.0658285
COG,2015,1107.593401
COL,2015,5114.350292
COM,2015,1177.270726
CPV,2015,2267.503717
CRI,2015,10087.0875
CSS,2015,8278.992146
CYP,2015,20374.3869
CZE,2015,12752.36057
DEU,2015,34943.00595
DMA,2015,5853.033186
DNK,2015,45663.93317
DOM,2015,6050.893773
DZA,2015,3295.552583
EAP,2015,4983.319114
EAR,2015,2801.019012
EAS,2015,7486.474962
ECA,2015,6081.59648
ECS,2015,18545.76693
ECU,2015,5047.748914
EGY,2015,3247.258657
EMU,2015,28255.31989
ESP,2015,21307.19485
EST,2015,14215.92618
ETH,2015,478.6696614
EUU,2015,26691.2849
FCS,2015,1329.859151
FIN,2015,34793.88528
FJI,2015,4256.053218
FRA,2015,30857.68707
GAB,2015,5205.043736
GBR,2015,37867.41769
GEO,2015,3244.083932
GHA,2015,1215.339261
GIN,2015,585.4938164
GMB,2015,471.4339291
GNB,2015,503.2994996
GNQ,2015,5358.267099
GRC,2015,15026.319
GTM,2015,3318.704176
GUY,2015,3634.023146
HIC,2015,33564.64512
HND,2015,1993.729212
HPC,2015,738.4409454
HRV,2015,9795.219646
HTI,2015,768.3050503
HUN,2015,9873.288292
IBD,2015,4459.714936
IBT,2015,3644.255067
IDA,2015,1188.780354
IDB,2015,1710.904471
IDN,2015,2539.742356
IDX,2015,911.7856481
IND,2015,1404.923449
IRL,2015,34295.07959
IRN,2015,3845.949567
IRQ,2015,3950.234726
ISR,2015,30877.04235
ITA,2015,24511.37283
JAM,2015,4320.381276
JOR,2015,3634.018372
JPN,2015,28057.78392
KAZ,2015,7995.920451
KEN,2015,1111.855259
KGZ,2015,825.6901131
KHM,2015,968.6525177
KIR,2015,3022.356191
KOR,2015,21959.15151
KWT,2015,27669.87443
LAC,2015,7113.916262
LAO,2015,1611.085441
LBN,2015,6175.053078
LBR,2015,375.3667164
LBY,2015,4020.767796
LCA,2015,7214.868569
LCN,2015,7390.936546
LDC,2015,837.8891542
LIC,2015,654.7348987
LKA,2015,3476.573508
LMC,2015,1718.226338
LMY,2015,3555.54353
LSO,2015,1124.317676
LTE,2015,6380.79502
LUX,2015,55795.44158
LVA,2015,10423.15779
MAR,2015,2495.147812
MDA,2015,1841.256187
MDG,2015,357.6867398
MDV,2015,7227.780798
MEA,2015,6195.046346
MEX,2015,7592.12388
MIC,2015,3901.766469
MKD,2015,3812.179698
MLI,2015,575.7213409
MMR,2015,1016.714391
MNA,2015,3290.742555
MNE,2015,5894.143322
MNG,2015,2830.895061
MOZ,2015,433.8133436
MRT,2015,771.5971247
MUS,2015,7644.149459
MWI,2015,261.5184271
MYS,2015,7571.800931
NAC,2015,47781.90413
NAM,2015,4378.252351
NER,2015,293.1560297
NGA,2015,2307.132019
NIC,2015,1724.392244
NLD,2015,37476.884
NOR,2015,61358.97848
NPL,2015,743.2596273
NZL,2015,31705.52654
OED,2015,30655.71599
OMN,2015,10875.09967
OSS,2015,9999.609565
PAK,2015,1353.993946
PAN,2015,11352.74358
PER,2015,5214.503372
PHL,2015,3167.734654
PNG,2015,1910.920058
POL,2015,10652.35124
PRE,2015,1269.48633
PRT,2015,15402.14771
PRY,2015,4502.025112
PSS,2015,3218.419255
PST,2015,33960.91078
QAT,2015,47893.59034
ROU,2015,7136.601119
RUS,2015,7486.185931
RWA,2015,570.49391
SAS,2015,1380.711399
SAU,2015,16907.78121
SEN,2015,1044.91476
SGP,2015,45101.76643
SLB,2015,1328.521678
SLE,2015,496.1515517
SLV,2015,3150.458192
SRB,2015,4139.049251
SSA,2015,1330.333122
SSF,2015,1331.311804
SST,2015,9258.238588
STP,2015,777.5098189
SUR,2015,6266.916697
SVK,2015,12511.69478
SVN,2015,15925.29139
SWE,2015,43167.11113
SWZ,2015,3171.235682
SYC,2015,11756.08852
TCD,2015,628.4260482
TEA,2015,5036.203892
TEC,2015,6499.595946
TGO,2015,459.9500571
THA,2015,4443.875511
TJK,2015,981.3626669
TLA,2015,7312.685346
TLS,2015,1130.589716
TMN,2015,3307.472494
TON,2015,3984.82886
TSA,2015,1380.711399
TSS,2015,1331.311804
TTO,2015,14724.31956
TUN,2015,2979.902585
TUR,2015,9199.814731
TZA,2015,842.2202265
UGA,2015,508.2375998
UKR,2015,1819.269949
UMC,2015,6335.04168
URY,2015,13551.3061
USA,2015,49173.44947
UZB,2015,1937.693506
VCT,2015,6710.15961
VNM,2015,1705.605486
VUT,2015,2403.09646
WLD,2015,8432.337578
WSM,2015,3594.742136
YEM,2015,1586.83662
ZAF,2015,4679.000093
ZMB,2015,1012.610643
ZWE,2015,1097.246724
ABW,2016,21368.80489
AFG,2016,465.8415828
AGO,2016,1949.11468
ALB,2016,3776.111694
ARB,2016,5294.685363
ARE,2016,35465.40518
ARG,2016,11006.02931
ARM,2016,3084.605658
AUS,2016,38660.73451
AUT,2016,37002.0496
AZE,2016,2994.07077
BDI,2016,202.2957975
BEL,2016,33605.86599
BEN,2016,656.90022
BFA,2016,414.3358957
BGD,2016,1352.190196
BGR,2016,6334.059669
BHR,2016,19133.21509
BHS,2016,27169.17566
BIH,2016,4293.525517
BLR,2016,4339.742886
BLZ,2016,3868.284571
BOL,2016,2509.292526
BRA,2016,7405.912556
BRB,2016,13453.02589
BRN,2016,24338.80432
BTN,2016,2445.936476
BWA,2016,5477.276886
CAF,2016,302.9212222
CAN,2016,34201.63935
CEB,2016,10200.09673
CHE,2016,64069.58576
CHL,2016,10755.31922
CHN,2016,6163.984514
CMR,2016,1147.242862
COD,2016,362.3952148
COG,2016,1075.335386
COL,2016,4894.237567
COM,2016,1201.964493
CPV,2016,2317.6488
CRI,2016,10406.80915
CSS,2016,7746.848967
CYP,2016,20471.04587
CZE,2016,13355.25137
DEU,2016,35796.37979
DMA,2016,6220.774333
DNK,2016,45928.16138
DOM,2016,6243.745052
DZA,2016,3284.470252
EAP,2016,5077.518392
EAR,2016,2829.008456
EAS,2016,7722.446626
ECA,2016,5782.079176
ECS,2016,18392.07536
ECU,2016,4995.335753
EGY,2016,3209.408534
EMU,2016,28949.775
ESP,2016,22018.81966
EST,2016,14834.53555
ETH,2016,525.2034505
EUU,2016,26783.08864
FCS,2016,1259.951392
FIN,2016,35856.28545
FJI,2016,4564.770971
FRA,2016,31055.08234
GAB,2016,4987.601308
GBR,2016,34430.33556
GEO,2016,3254.496728
GHA,2016,1313.466412
GIN,2016,564.3796016
GMB,2016,466.8052517
GNB,2016,556.5555672
GNQ,2016,4877.51097
GRC,2016,15012.87441
GTM,2016,3494.706279
GUY,2016,3788.992968
HIC,2016,33890.7971
HND,2016,2015.527168
HPC,2016,722.9614689
HRV,2016,9895.40733
HTI,2016,690.3305548
HUN,2016,10357.7211
IBD,2016,4458.579336
IBT,2016,3623.3499
IDA,2016,1139.047116
IDB,2016,1562.937325
IDN,2016,2806.658678
IDX,2016,917.2760311
IND,2016,1504.456703
IRL,2016,37043.51184
IRN,2016,4077.744551
IRQ,2016,3733.833829
ISR,2016,32130.89535
ITA,2016,25361.60232
JAM,2016,4234.580212
JOR,2016,3650.808796
JPN,2016,31513.02521
KAZ,2016,5697.667748
KEN,2016,1219.794152
KGZ,2016,862.8972192
KHM,2016,1055.781914
KIR,2016,2944.213349
KOR,2016,22420.54385
KWT,2016,26409.94033
LAC,2016,6833.464574
LAO,2016,1752.796771
LBN,2016,6134.641408
LBR,2016,363.9288892
LBY,2016,3723.958358
LCA,2016,7340.667367
LCN,2016,7126.381524
LDC,2016,833.0576582
LIC,2016,624.5694917
LKA,2016,3476.69897
LMC,2016,1770.595742
LMY,2016,3536.398618
LSO,2016,1043.114869
LTE,2016,6376.139315
LUX,2016,56279.72107
LVA,2016,11021.38714
MAR,2016,2506.541253
MDA,2016,1926.579726
MDG,2016,358.1402801
MDV,2016,7382.518121
MEA,2016,6142.86868
MEX,2016,6872.084213
MIC,2016,3888.33054
MKD,2016,3992.884543
MLI,2016,590.2129288
MMR,2016,1089.92518
MNA,2016,3284.149939
MNE,2016,6240.380466
MNG,2016,2561.825802
MOZ,2016,306.3724106
MRT,2016,728.6442301
MUS,2016,7937.757818
MWI,2016,212.3253644
MYS,2016,7530.937404
NAC,2016,47954.90985
NAM,2016,4059.66666
NER,2016,293.1603863
NGA,2016,1840.099129
NIC,2016,1770.903577
NLD,2016,37565.62864
NOR,2016,58732.79454
NPL,2016,726.0136168
NZL,2016,33154.32781
OED,2016,30881.42155
OMN,2016,10187.28897
OSS,2016,9849.315655
PAK,2016,1371.475045
PAN,2016,11850.0243
PER,2016,5078.820324
PHL,2016,3249.304789
PNG,2016,1730.243775
POL,2016,10418.9751
PRE,2016,1128.65308
PRT,2016,16113.1282
PRY,2016,4383.639178
PSS,2016,3336.950271
PST,2016,34345.32297
QAT,2016,45066.49774
ROU,2016,7593.084593
RUS,2016,7051.738005
RWA,2016,567.049081
SAS,2016,1468.437004
SAU,2016,16358.02942
SEN,2016,1074.601014
SGP,2016,44362.58023
SLB,2016,1379.254077
SLE,2016,354.1173926
SLV,2016,3190.538061
SRB,2016,4228.556737
SSA,2016,1200.464382
SSF,2016,1201.425306
SST,2016,9058.253423
STP,2016,770.5880389
SUR,2016,3271.132616
SVK,2016,12940.10615
SVN,2016,16688.05651
SWE,2016,43722.9401
SWZ,2016,2939.644809
SYC,2016,11565.91232
TCD,2016,570.0351117
TEA,2016,5131.249041
TEC,2016,6206.731609
TGO,2016,468.0605972
THA,2016,4578.153438
TJK,2016,817.217852
TLA,2016,7048.367551
TLS,2016,1131.892898
TMN,2016,3301.05452
TON,2016,3637.791173
TSA,2016,1468.437004
TSS,2016,1201.425306
TTO,2016,13632.26815
TUN,2016,2844.954911
TUR,2016,9032.768953
TZA,2016,854.0241268
UGA,2016,416.51745
UKR,2016,1859.810676
UMC,2016,6261.722825
URY,2016,13343.48126
USA,2016,49478.66778
UZB,2016,1938.867371
VCT,2016,6584.570439
VNM,2016,1827.110556
VUT,2016,2533.654802
WLD,2016,8441.341838
WSM,2016,3485.940268
YEM,2016,1272.615878
ZAF,2016,4252.481244
ZMB,2016,972.1824246
ZWE,2016,1108.646033
ABW,2017,21385.45166
AFG,2017,466.0790814
AGO,2017,2148.272969
ALB,2017,4105.150515
ARB,2017,5247.986414
ARE,2017,37374.46062
ARG,2017,12365.9013
ARM,2017,3412.080148
AUS,2017,41489.47676
AUT,2017,38747.99133
AZE,2017,3146.654313
BDI,2017,212.1844662
BEL,2017,35803.85628
BEN,2017,686.7420527
BFA,2017,456.9589191
BGD,2017,1483.833911
BGR,2017,7103.724619
BHR,2017,20264.05529
BHS,2017,27265.98467
BIH,2017,4584.906034
BLR,2017,4979.858026
BLZ,2017,3793.106025
BOL,2017,2630.551022
BRA,2017,8397.118144
BRB,2017,13871.63352
BRN,2017,24573.42045
BTN,2017,2703.184883
BWA,2017,5949.564567
CAF,2017,322.9968139
CAN,2017,36802.07309
CEB,2017,11337.71779
CHE,2017,64306.9622
CHL,2017,11353.30459
CHN,2017,6567.928606
CMR,2017,1182.6252
COD,2017,347.0058077
COG,2017,684.9708381
COL,2017,5226.942639
COM,2017,1234.643787
CPV,2017,2430.404863
CRI,2017,10326.78053
CSS,2017,7605.377016
CYP,2017,21477.43483
CZE,2017,15002.48837
DEU,2017,37791.48357
DMA,2017,5330.288247
DNK,2017,48267.15649
DOM,2017,6457.617916
DZA,2017,3257.676874
EAP,2017,5388.259356
EAR,2017,2965.485431
EAS,2017,8060.707439
ECA,2017,6356.462035
ECS,2017,19368.55265
ECU,2017,5021.301255
EGY,2017,2166.637373
EMU,2017,30563.1173
ESP,2017,23216.40826
EST,2017,16641.88067
ETH,2017,559.6358191
EUU,2017,28095.60056
FCS,2017,1329.657324
FIN,2017,37828.70754
FJI,2017,4802.264496
FRA,2017,32671.75509
GAB,2017,5008.441955
GBR,2017,34170.56251
GEO,2017,3402.042232
GHA,2017,1274.407415
GIN,2017,688.9670615
GMB,2017,481.7816697
GNB,2017,612.0552296
GNQ,2017,4686.987375
GRC,2017,15780.2661
GTM,2017,3785.24574
GUY,2017,3883.447421
HIC,2017,35277.74328
HND,2017,2095.787502
HPC,2017,764.1393255
HRV,2017,10777.16762
HTI,2017,718.18376
HUN,2017,11348.72838
IBD,2017,4784.672358
IBT,2017,3861.412306
IDA,2017,1147.442788
IDB,2017,1490.922137
IDN,2017,2934.499889
IDX,2017,973.872855
IND,2017,1678.499262
IRL,2017,37988.28351
IRN,2017,4237.956184
IRQ,2017,3943.678434
ISR,2017,34949.56244
ITA,2017,26537.35914
JAM,2017,4438.771135
JOR,2017,3710.807438
JPN,2017,31107.44895
KAZ,2017,6377.69293
KEN,2017,1320.793895
KGZ,2017,970.9430876
KHM,2017,1151.491139
KIR,2017,3037.314907
KOR,2017,24027.91605
KWT,2017,28637.75798
LAC,2017,7489.464668
LAO,2017,1783.679257
LBN,2017,6318.234572
LBR,2017,337.9140564
LBY,2017,4988.89555
LCA,2017,7711.430068
LCN,2017,7783.923662
LDC,2017,891.8201996
LIC,2017,641.2118351
LKA,2017,3659.803702
LMC,2017,1844.159397
LMY,2017,3766.934651
LSO,2017,1146.251228
LTE,2017,6909.589633
LUX,2017,60887.9248
LVA,2017,12356.80722
MAR,2017,2617.262533
MDA,2017,2302.305591
MDG,2017,405.0806171
MDV,2017,7623.815678
MEA,2017,6158.487155
MEX,2017,7216.957154
MIC,2017,4149.807019
MKD,2017,4192.66238
MLI,2017,632.7306965
MMR,2017,1134.911359
MNA,2017,3079.766912
MNE,2017,6961.658895
MNG,2017,2082.90516
MOZ,2017,330.0129951
MRT,2017,726.3056004
MUS,2017,8712.673488
MWI,2017,242.9374966
MYS,2017,7804.052098
NAC,2017,50014.33335
NAM,2017,4724.310896
NER,2017,305.0500151
NGA,2017,1604.245374
NIC,2017,1832.373484
NLD,2017,40544.91198
NOR,2017,61865.20177
NPL,2017,838.7993868
NZL,2017,34960.23485
OED,2017,32070.45667
OMN,2017,9936.792255
OSS,2017,10607.77869
PAK,2017,1460.767136
PAN,2017,12510.37624
PER,2017,5419.921445
PHL,2017,3288.526624
PNG,2017,1834.339198
POL,2017,11650.39516
PRE,2017,1125.624283
PRT,2017,17188.4208
PRY,2017,4821.331214
PSS,2017,3471.397713
PST,2017,35750.8509
QAT,2017,47932.65404
ROU,2017,8431.930902
RUS,2017,8519.410471
RWA,2017,597.5277475
SAS,2017,1624.199377
SAU,2017,16851.91409
SEN,2017,1159.199185
SGP,2017,47165.78751
SLB,2017,1337.389172
SLE,2017,407.6056021
SLV,2017,3240.716432
SRB,2017,4543.975109
SSA,2017,1233.923992
SSF,2017,1234.875912
SST,2017,9620.876417
STP,2017,738.9002463
SUR,2017,2494.020253
SVK,2017,13785.4743
SVN,2017,18407.23839
SWE,2017,45159.05871
SWZ,2017,3326.400746
SYC,2017,11667.02736
TCD,2017,508.1824922
TEA,2017,5445.1087
TEC,2017,6835.95038
TGO,2017,511.7193591
THA,2017,4967.844265
TJK,2017,792.9677539
TLA,2017,7698.392301
TLS,2017,1299.561109
TMN,2017,3095.73398
TON,2017,3890.010057
TSA,2017,1624.199377
TSS,2017,1234.875912
TTO,2017,12658.18962
TUN,2017,2641.847716
TUR,2017,8651.985928
TZA,2017,880.6513099
UGA,2017,427.884683
UKR,2017,2333.030087
UMC,2017,6751.784333
URY,2017,14185.30592
USA,2017,51484.94124
UZB,2017,1373.014608
VCT,2017,6635.578361
VNM,2017,1948.620853
VUT,2017,2702.841556
WLD,2017,8826.150441
WSM,2017,3686.441302
YEM,2017,1060.494887
ZAF,2017,4941.627549
ZMB,2017,1129.393375
ZWE,2017,1142.940418
